title,description,content,url,publishedAt,source,clean_content
"Altrincham BID names new Chair, Vice Chair and Finance Director","Altrincham BID names new Chair, Vice Chair and Finance Directortodaynews.co.uk","Sara Fixter, co-founder of Full Circle Funerals Partners, has been appointed as the new Chairperson of the Altrincham Business Improvement District (BID) Board.
She is joined by Louise Shaw, Managin… [+2246 chars]",https://altrincham.todaynews.co.uk/business/2025/08/28/altrincham-bid-names-new-chair-vice-chair-and-finance-director/,2025-08-28T12:09:50Z,Todaynews.co.uk,sara fixter cofounder full circle funeral partner appoint new chairperson altrincham business improvement district bid board join louise shaw managin char
Uniphore Announces the Acquisitions of Orby AI and Autonom8,"DeepMind and Google alumni to join Uniphore, bringing advanced Large Action Models, neuro-symbolic agents, and enterprise-grade agent orchestration to the market. PALO ALTO, Calif. — Uniphore, the Business AI company, today announced it has acquired Orby AI, …","THIS CONTENT IS RESERVED FOR SUBSCRIBERS ONLY
Subscribe now to read the latest news in your city and across Canada.
<ul><li>Exclusive articles from Barbara Shecter, Joe O'Connor, Gabriel Friedman, … [+5286 chars]",https://financialpost.com/pmn/business-wire-news-releases-pmn/uniphore-announces-the-acquisitions-of-orby-ai-and-autonom8,2025-08-28T12:08:36Z,Financial Post,content reserve subscriber subscribe read late news city across canada ulliexclusive article barbara shecter joe oconnor gabriel friedman char
Lot of disclosures to stock exchanges 'probably leaves a lot for imagination': Sebi official,"Sebi official Rajesh Dangeti highlighted concerns about the quality of disclosures made by companies to stock exchanges, suggesting they often lack clarity and substance. He emphasized the need for frequent, fair, and easily understandable information for inv…","A lot of disclosures made by companies to stock exchanges ""probably leaves a lot for imagination"", a Sebi official said on Thursday.At a conference in the national capital, Rajesh Dangeti, Chief Gene… [+1911 chars]",https://economictimes.indiatimes.com/markets/stocks/news/lot-of-disclosures-to-stock-exchanges-probably-leaves-a-lot-for-imagination-sebi-official/articleshow/123564550.cms,2025-08-28T12:07:51Z,The Times of India,lot disclosure make company stock exchange probably leave lot imagination sebi official say thursdayat conference national capital rajesh dangeti chief gene char
India's small businesses scramble to cushion blow from Trump's 50% tariffs,,"{ window.open(this.href, '_blank'); }, 200); return false;""&gt;Why did Best Buy's stock fall after earnings beat? { window.open(this.href, '_blank'); }, 200); return false;""&gt;What caused Ford's mas… [+759 chars]",https://biztoc.com/x/0ae195745d8e806e,2025-08-28T12:03:13Z,Biztoc.com,windowopenthishref blank return falsegtwhy good buy stock fall earning beat windowopenthishref blank return falsegtwhat cause ford mas char
"If You Invested $10K In Prologis Stock 10 Years Ago, How Much Would You Have Now?","Prologis Inc. (NYSE:PLD) is the global leader in logistics real estate that owns, develops, and operates modern logistics facilities near key transportation ...","Benzinga and Yahoo Finance LLC may earn commission or revenue on some items through the links below.
Prologis Inc. (NYSE:PLD) is the global leader in logistics real estate that owns, develops, and o… [+2125 chars]",https://finance.yahoo.com/news/invested-10k-prologis-stock-10-120107816.html,2025-08-28T12:01:07Z,Yahoo Entertainment,benzinga yahoo finance llc may earn commission revenue item link prologis inc nysepld global leader logistic real estate develop char
This might be the prettiest ice cream cone in all of Denver,Ichigo Matcha's soft serve comes with a fish-shaped cake cone with a Nutella-coated interior.,"A fish is turning heads in downtown Denver.
Coated on the inside with Nutella, the fish-shaped waffle cone, complete with scales and fins, chomps down on a heaping cup of strawberry- and matcha-flav… [+4257 chars]",https://www.denverpost.com/2025/08/28/ichigo-matcha-ice-cream-denver/,2025-08-28T12:00:57Z,The Denver Post,fish turn head downtown denver coat inside nutella fishshape waffle cone complete scale fin chomp heap cup strawberry matchaflav char
Thailand partners with KuCoin to launch world’s first tokenized bond,"With savings rates near record lows, will blockchain-powered bonds become the new safe haven for everyday investors?","Key Takeaway
Thailand has introduced the worlds first tokenized government bond, known as the G-Token, in partnership with KuCoin. The initiative aims to democratize access to sovereign debt by leve… [+2324 chars]",https://ambcrypto.com/thailand-partners-with-kucoin-to-launch-worlds-first-tokenized-bond/,2025-08-28T12:00:51Z,Ambcrypto.com,key takeaway thailand introduce world first tokenized government bond know gtoken partnership kucoin initiative aim democratize access sovereign debt leve char
7 Beginner Machine Learning Projects To Complete This Weekend,"In this article, we will explore seven simple machine learning projects that will help you learn important skills and improve your career.","Image by Editor | ChatGPT
# Introduction
 Machine learning is one of the most transformative technologies of our time, driving innovation in everything from healthcare and finance to entertainment … [+7807 chars]",https://www.kdnuggets.com/7-beginner-machine-learning-projects-complete-this-weekend,2025-08-28T12:00:27Z,Kdnuggets.com,"image editor chatgpt 
  introduction 
  machine learning one transformative technology time drive innovation everything healthcare finance entertainment char"
When DIY Home Renovations Turn Into a Nightmare,"In this week’s My Two Cents, the Cut’s personal-finance columnist Charlotte Cowles talks with three people who tried to renovate their homes on their own and learned firsthand just how hard that is to do.",Doing your own home renovation has a scrappy allure  youve got a power drill and youre not afraid to get your hands dirty! But the bigger reason most people decide to retile their own bathrooms is th… [+13233 chars],http://www.thecut.com/article/real-stories-of-diy-home-renovations-gone-wrong.html,2025-08-28T12:00:26Z,The Cut,home renovation scrappy allure get power drill afraid get hand dirty big reason people decide retile bathroom char
Helena businesses: Campaign treasurer charged with fraud stole thousands in venue deposits,"A Helena-based Democratic campaign treasurer's alleged impropriety was not limited to her political consulting business, according to interviews conducted after she was charged.","A Democratic campaign treasurer charged with federal wire fraud in connection with her political advising business was also allegedly defrauding local Helena organizations, the Independent Record has… [+7765 chars]",https://helenair.com/news/local/crime-courts/article_9f29eb3b-c33e-4970-b949-586e73edc7a4.html,2025-08-28T12:00:00Z,Helena Independent Record,democratic campaign treasurer charge federal wire fraud connection political advising business also allegedly defraud local helena organization independent record char
Crypto Markets Today: BTC's Gain Lacks Derivative Traders' Support; YZY Leads to Losses,"While the CoinDesk 20 Index of largest tokens has gained less than 1% in the past 24 hours, the CoinDesk 80 Index has rallied 4%.","Shaurya is the Co-Leader of the CoinDesk tokens and data team in Asia with a focus on crypto derivatives, DeFi, market microstructure, and protocol analysis.
Shaurya holds over $1,000 in BTC, ETH, S… [+467 chars]",https://www.coindesk.com/markets/2025/08/28/crypto-markets-today-btc-s-gain-lacks-derivative-traders-support-yzy-leads-to-losses,2025-08-28T12:00:00Z,CoinDesk,shaurya coleader coindesk token datum team asia focus crypto derivative defi market microstructure protocol analysis shaurya hold btc eth char
Lygos Aims to Banish Ghosts of Crypto Lending Collapse With Non-Custodial Bitcoin Model,"Built on Discrete Log Contracts from Atomic Finance, Lygos says its new BTC credit platform avoids the custodial risks that sank Celsius, BlockFi and Voyager.","Lygos Finance unveiled what it calls the first truly non-custodial bitcoin BTC
$113,194.90-backed lending platform, aiming to transform the crypto credit market with institutional-grade design.
The… [+1725 chars]",https://www.coindesk.com/business/2025/08/27/lygos-aims-to-banish-ghosts-of-crypto-lending-collapse-with-non-custodial-bitcoin-model,2025-08-28T12:00:00Z,CoinDesk,lygos finance unveil call first truly noncustodial bitcoin btc back lending platform aim transform crypto credit market institutionalgrade design char
"Lygos Finance acquires Atomic Finance to launch non-custodial, DLC-powered bitcoin loans",Lygos Finance's acquisition of Atomic Finance has set the company up to provide bitcoin-backed loans.,"Bitcoins above $100,000, and there are plenty of sat stackers who want to tap into their holdings without selling.
Lygos Finance has launched to do just that.
Bitcoin credit market provider Lygos F… [+3611 chars]",https://blockspace.media/insight/lygos-finance-acquires-atomic-finance-to-launch-non-custodial-dlc-powered-bitcoin-loans/,2025-08-28T12:00:00Z,Blockspace.media,bitcoin plenty sit stacker want tap holding without sell lygo finance launch bitcoin credit market provider lygo char
Biptap Expands to Africa with Central African Republic Deal,"Dubai, UAE , Aug. 28, 2025 (GLOBE NEWSWIRE) -- Biptap expands to Africa with a landmark partnership in the Central African Republic, marking a major step toward redefining financial access across the continent. The deal, signed between Biptap CEO Jonathan Low…","Dubai, UAE , Aug. 28, 2025 (GLOBE NEWSWIRE) -- Biptap expands to Africa with a landmark partnership in the Central African Republic, marking a major step toward redefining financial access across the… [+3994 chars]",https://www.globenewswire.com/news-release/2025/08/28/3140758/0/en/Biptap-Expands-to-Africa-with-Central-African-Republic-Deal.html,2025-08-28T12:00:00Z,GlobeNewswire,dubai uae aug globe newswire biptap expand africa landmark partnership central african republic mark major step toward redefine financial access across char
Exclusive: Crypto startup M0 raises $40 million to build out stablecoin network,"Polychain and Ribbit Capital led the round, with participation from existing investors like Pantera and Bain Capital Crypto.","Another stablecoin startup has raised serious cash. M0, a company that develops stablecoin infrastructure, announced Thursday that it had raised $40 million in a funding round led by the crypto ventu… [+3508 chars]",https://fortune.com/crypto/2025/08/28/m0-series-b-40-million-polychain-ribbit-capital-stablecoins/,2025-08-28T12:00:00Z,Fortune,another stablecoin startup raise serious cash company develop stablecoin infrastructure announce thursday raise million funding round lead crypto ventu char
The Butthole Surfers Were ‘The Hardest-Working Redneck Weirdo Band in Show Business’,"No other Lone Star punk band had been so ambitious or relentless, Pat Blashill writes in this excerpt of Someday All The Adults Will Die! The Birth of Texas Punk","All bets were off in the Texas punk of the early 1980s. In Austin, the Dicks played drunk punk blues, and were led by Gary Floyd, a fiery queer man and vitriolic Communist. Meanwhile, San Antonio‘s o… [+39443 chars]",http://www.rollingstone.com/music/music-features/butthole-surfers-texas-punk-someday-adults-die-book-1235413499/,2025-08-28T12:00:00Z,Rolling Stone,bet texas punk early austin dick play drunk punk blue lead gary floyd fiery queer man vitriolic communist meanwhile san antonios char
"Day 1,282 of WW3. Hungary sues EU on behalf of russia, Ukraine hits russian cruise missile carrier near Crimea, russian peace efforts kill 14 in Kyiv. This is your Thursday Ukraine War thread [News]","Day 1,282 of WW3. Hungary sues EU on behalf of russia, Ukraine hits russian cruise missile carrier near Crimea, russian peace efforts kill 14 in Kyiv. This is your Thursday Ukraine War thread","Today's news feeds from Kyiv:NOTE: Your Humble Correspondent does not know why the Post has so little content today.
KYIV POSThttps://www.kyivpost.com/topic/war-in-ukraine
Anatomy of Failed War: Ru… [+10908 chars]",https://www.fark.com/comments/13792446/Day-1282-of-WW3-Hungary-sues-EU-on-behalf-of-russia-Ukraine-hits-russian-cruise-missile-carrier-near-Crimea-russian-peace-efforts-kill-14-in-Kyiv-This-is-your-Thursday-Ukraine-War-thread,2025-08-28T12:00:00Z,Fark.com,todays news feed kyivnote humble correspondent know post little content today kyiv post anatomy fail war char
Katie Bisci: Resourcing for Big Science,"Deputy Project Manager for Resources – Goddard Space Flight Center How are you helping set the stage for the Roman mission? I’m a deputy project manager for resources on the Nancy Grace Roman Space Telescope team, sharing the role with Kris Steeley. Together,…","How are you helping set the stage for the Roman mission?
Im a deputy project manager for resources on the Nancy Grace Roman Space Telescope team, sharing the role with Kris Steeley. Together, we ove… [+5479 chars]",https://www.nasa.gov/centers-and-facilities/goddard/katie-bisci-resourcing-for-big-science/,2025-08-28T12:00:00Z,NASA,help set stage roman mission deputy project manager resource nancy grace roman space telescope team share role kris steeley together ove char
Syro-Malabar Synod Elevates Leadership and Expands Mission Across India,"Verghese V Joseph – The Syro-Malabar Church has entered a transformative phase in its history with the announcement of four new ecclesiastical provinces, the appointment
The post Syro-Malabar Synod Elevates Leadership and Expands Mission Across India appeared…","Verghese V Joseph –
The Syro-Malabar Church has entered a transformative phase in its history with the announcement of four new ecclesiastical provinces, the appointment of new bishops, and the exte… [+8260 chars]",https://www.indiancatholicmatters.org/syro-malabar-synod-elevates-leadership-and-expands-mission-across-india/,2025-08-28T11:59:31Z,Indiancatholicmatters.org,verghese joseph syromalabar church enter transformative phase history announcement four new ecclesiastical province appointment new bishop exte char
"Mitsotakis from Thessaloniki: €120 million from National funds for upgrading the TIF site, no hotel will be built","The Prime Minister holds a series of meetings in Thessaloniki ahead of TIF – Discussed with city MPs, accompanied by numerous ministers
The post Mitsotakis from Thessaloniki: €120 million from National funds for upgrading the TIF site, no hotel will be built …","On Thursday afternoon, the Prime Minister delivered a speech presenting projects underway and planned in Thessaloniki.
Kyriakos Mitsotakis, accompanied by numerous ministers and New Democracy offici… [+6771 chars]",https://en.protothema.gr/2025/08/28/mitsotakis-from-thessaloniki-e120-million-from-national-funds-for-upgrading-the-tif-site-no-hotel-will-be-built/,2025-08-28T11:58:51Z,Protothema.gr,thursday afternoon prime minister deliver speech present project underway plan thessaloniki kyriakos mitsotakis accompany numerous minister new democracy offici char
"Rs 1 cr, Rs 5 cr or Rs 10 cr, how much money do you need for retirement? This financial expert tells you the right amount","Financial expert Neeraj Chauhan suggests a simple formula to calculate your retirement corpus: annual expenses multiplied by 25, based on the 4% withdrawal rule. This approach helps individuals determine the 'right amount' needed for financial independence, r…","If you save Rs 1 crore as retirement corpus, will it last long enough to give you a regular and adequate income till you are alive? If not, will you need Rs 5 crore or Rs 10 crore or even higher? Eve… [+3507 chars]",https://economictimes.indiatimes.com/wealth/save/rs-1-cr-rs-5-cr-or-rs-10-cr-how-much-money-you-need-for-retirement-this-financial-expert-tells-you-the-right-amount/articleshow/123563934.cms,2025-08-28T11:56:20Z,The Times of India,save crore retirement corpus last long enough give regular adequate income till alive need crore crore even high eve char
Forbes Daily: Cracker Barrel Backtracks After Drawing Conservative Ire,"Today’s Forbes Daily covers Nvidia's China question, Instacart fraud scheme, CDC director fired, the NFL's most valuable teams, a satellite mogul's big payday and more.","Unemployment is on the risebut the economic picture looks vastly different depending on where you live.
The national joblessness rate ticked up slightly to 4.6% in July, but more than 60% of U.S. me… [+6195 chars]",https://www.forbes.com/sites/daniellechemtob/2025/08/28/forbes-daily-cracker-barrel-backtracks-after-drawing-conservative-ire/,2025-08-28T11:55:48Z,Forbes,unemployment risebut economic picture look vastly different depend live national joblessness rate tick slightly july char
Central Bank Independence,"Since that's an issue in the news, I want to make a couple of general observations. They point in the same direction, which is that the idea that our central bank is independent evolved quite slowly and unevenly. Under the original Federal Reserve act, the Tr…","Main
Thursday, August 28, 2025
Central Bank Independence
Since that's an issue in the news, I want to make a couple of general observations. They point in the same direction, which is that the ide… [+1688 chars]",https://prawfsblawg.blogs.com/prawfsblawg/2025/08/central-bank-independence.html,2025-08-28T11:53:05Z,Blogs.com,"main thursday august  
 central bank independence since issue news want make couple general observation point direction ide char"
"Equatorial Guinea President’s Nephew, Baltasar Engonga, Jailed for 8 Years Over Embezzlement Scandal","Baltasar Engonga, Equatorial Guinea's former financial boss, has been handed an eight-year jail term for embezzling state funds alongside other officials.","<ul><li>Former ANIF boss, Baltasar Engonga, has been handed an eight-year jail term for embezzling state funds</li><li>The top Equatorial Guinea official was also imposed a $220,000 fine after the tr… [+3573 chars]",https://yen.com.gh/entertainment/celebrities/290024-equatorial-guinea-president-nephew-baltasar-engonga-jailed-8-years-embezzlement-scandal/,2025-08-28T11:51:02Z,YEN.COM.GH,ulliformer anif boss baltasar engonga hand eightyear jail term embezzle state fundslilithe top equatorial guinea official also impose fine char
Have you received your income tax refund? These could be the reasons for the delay,Income Tax: Some taxpayers have already received a refund from the income tax department for the ITR filed for FY 2024-25.,"Income Tax: There are only a little more than two weeks left before the September 15 deadline to file an income tax return (ITR).
The income tax department's website shows that as of 27 August, over… [+2939 chars]",https://www.livemint.com/money/personal-finance/income-tax-have-you-received-your-income-tax-refund-these-are-the-reasons-that-cause-delay-11756375905712.html,2025-08-28T11:47:53Z,Livemint,income tax little two week leave september deadline file income tax return itr income tax department website show august char
Viral Bitcoin Hyper Presale Aims to Supercharge Bitcoin’s Future,"Bitcoin might still be the undisputed heavyweight of crypto, but it’s showing its age. While it dominates as a store of value, it struggles when used as actual money. Slow transactions, high fees, and a lack of smart contract support keep it from being more t…","Bitcoin might still be the undisputed heavyweight of crypto, but its showing its age.
While it dominates as a store of value, it struggles when used as actual money. Slow transactions, high fees, an… [+4547 chars]",https://bitcoinist.com/viral-bitcoin-hyper-presale-aims-to-supercharge-bitcoins-future/,2025-08-28T11:45:43Z,Bitcoinist,bitcoin might still undisputed heavyweight crypto show age dominate store value struggle use actual money slow transaction high fee char
Why Deadpool 2 Director David Leitch Left Jurassic World Rebirth,"David Leitch only wants to work on projects that meet a certain criteria, which is why he left Jurassic World Rebirth after being briefly attached to direct it.","We may receive a commission on purchases made from links.
It doesn't really matter how successful a director is, walking away from a big movie within a legendary franchise is undoubtedly a tough thi… [+1558 chars]",https://www.slashfilm.com/1952059/why-deadpool-2-director-david-leitch-left-jurassic-world-rebirth/,2025-08-28T11:45:00Z,/FILM,may receive commission purchase make link really matter successful director walk away big movie within legendary franchise undoubtedly tough thi char
"Steuben County Property Tax Auction starts Sept. 3. What's for sale in Hornell, elsewhere","The auction has 20 properties in the city of Hornell, including a pair of three-family residences on North Main Street.","The 2025 Steuben County Real Property Tax Auction is right around the corner.
The auction is held completely online, with bidding beginning at noon, Wednesday, Sept. 3 and ending on Wednesday, Sept.… [+6542 chars]",https://www.eveningtribune.com/story/news/local/2025/08/28/steuben-county-real-property-tax-auction-sept-3-10-whats-for-sale/85834859007/,2025-08-28T11:40:55Z,Hornell Evening Tribune,steuben county real property tax auction right around corner auction hold completely online bidding begin noon wednesday sept end wednesday sept char
Here's how much insurers paid in claims in 2024,"The Acting Commissioner of Insurance, Dr Abiba Zakariah, has disclosed that insurance companies in Ghana paid out a total of GH¢3.3 billion in claims in 2024, averaging GH¢9.2 million every day.","The Acting Commissioner of Insurance, Dr Abiba Zakariah, has disclosed that insurance companies in Ghana paid out a total of GH¢3.3 billion in claims in 2024, averaging GH¢9.2 million every day.
Bre… [+3407 chars]",https://www.ghanaweb.com/GhanaHomePage/business/Here-s-how-much-insurers-paid-in-claims-in-2024-1998195,2025-08-28T11:40:10Z,GhanaWeb,act commissioner insurance abiba zakariah disclose insurance company ghana pay total billion claim average million every day bre char
US poised to gain most from India's raw cotton import duty waiver: GTRI,"Cotton normally attracts 11 per cent import duty (5 per cent BCD + 5 per cent AIDC), in place since February 2021","The United States (US) will emerge as the biggest beneficiary of the complete waiver of customs duty and Agriculture Infrastructure and Development Cess (AIDC) on the import of raw cotton, which was … [+2589 chars]",https://www.thehindubusinessline.com/economy/us-poised-to-gain-most-from-indias-raw-cotton-import-duty-waiver-gtri/article69984402.ece,2025-08-28T11:37:28Z,BusinessLine,united states emerge big beneficiary complete waiver custom duty agriculture infrastructure development cess aidc import raw cotton char
Reporting on transactions in Danish Aerospace Company A/S’ shares by persons closely associated with persons discharging managerial responsibilities,"COMPANY ANNOUNCEMENT  Odense, August 28th, 2025  Company Announcement no. 65 – August 28th, 2025  Reporting on transactions in Danish Aerospace Company......","COMPANY ANNOUNCEMENT
Odense, August 28th, 2025
Company Announcement no. 65 August 28th, 2025
Reporting on transactions in Danish Aerospace Company A/S shares by persons closely associated with per… [+2455 chars]",https://www.globenewswire.com/news-release/2025/08/28/3140699/0/en/Reporting-on-transactions-in-Danish-Aerospace-Company-A-S-shares-by-persons-closely-associated-with-persons-discharging-managerial-responsibilities.html,2025-08-28T11:34:00Z,GlobeNewswire,company announcement odense august company announcement august report transaction danish aerospace company share person closely associate per char
"Nvidia is caught in Trump's China trade war, and it could impact the stock market - Axios","Nvidia is caught in Trump's China trade war, and it could impact the stock marketAxios Live: Analysis of Nvidia’s Second-Quarter EarningsBloomberg.com Wednesday’s Nvidia Earnings: Why China Needs the Chip MakerThe Wall Street Journal Nvidia CEO Jensen Huang s…",The Fine Print: The following comments are owned by whoever posted them. We are not responsible for them in any way.,https://slashdot.org/firehose.pl?op=view&amp;id=178913782,2025-08-28T11:32:33Z,Slashdot.org,fine print follow comment whoever post responsible way
Not thuggery—ICICI Bank’s account hike exposes a brewing banking shake-up,"ICICI Bank’s action on minimum account balance was a response to structural shifts underway in the banking sector. More banks will test, and take, similar paths.","New Delhi: The announcement by ICICI Bank in August that it was raising its minimum balance requirement for new savings accounts by five times, from 10,000 to 50,000, received so much criticism that … [+11829 chars]",https://www.livemint.com/industry/banking/icici-bank-minimum-balance-hike-deposit-crunch-indian-banks-11756371499737.html,2025-08-28T11:30:08Z,Livemint,new delhi announcement icici bank august raise minimum balance requirement new saving account five time receive much criticism char
The Perverse Consequences of the Easy A,"In the era of grade inflation, students at top colleges are more stressed than ever.","During their final meeting of the spring 2024 semester, after an academic year marked by controversies, infighting, and the defenestration of the university president, Harvard’s faculty burst out lau… [+11602 chars]",https://www.theatlantic.com/ideas/archive/2025/08/harvard-college-grade-inflation/684021/,2025-08-28T11:30:00Z,The Atlantic,final meeting spring semester academic year mark controversy infighting defenestration university president harvards faculty burst lau char
Meeting of 23-24 July 2025,The European Central Bank (ECB) is the central bank of the European Union countries which have adopted the euro. Our main task is to maintain price stability in the euro area and so preserve the purchasing power of the single currency.,"Account of the monetary policy meeting of the Governing Council of the European Central Bank held in Frankfurt am Main on Wednesday and Thursday, 23-24 July 2025
28 August 2025
1. Review of financi… [+59809 chars]",https://www.ecb.europa.eu/press/accounts/2025/html/ecb.mg250828~071d6cc9c7.en.html,2025-08-28T11:30:00Z,Europa.eu,"account monetary policy meeting govern council european central bank hold frankfurt main wednesday thursday july 
  august 
  review financi char"
Supporting students as they start the 25/26 academic year,"Steven Darling, Director of Customer Experience, offers advice to help students get ready for payment","This is an exciting time of year for students, especially those who are about to begin their first year and take the next major step in realising their potential.
Many soon to be students up and dow… [+2695 chars]",https://www.gov.uk/government/news/supporting-students-as-they-start-the-2526-academic-year,2025-08-28T11:26:41Z,Www.gov.uk,exciting time year student especially begin first year take next major step realise potential many soon student dow char
India’s Russian oil imports set to rise in September in defiance of US,"New Delhi says it is relying on talks to try to resolve Trump's additional tariffs, but Prime Minister Narendra Modi has also embarked on a tour to develop diplomatic ties elsewhere, including meeting Russian President Vladimir Putin","Russian oil exports to India are set to rise in September, traders said, as producers cut prices to sell more crude because they cannot process as much in refineries that were damaged by Ukrainian dr… [+4127 chars]",https://www.thehindubusinessline.com/news/world/indias-russian-oil-imports-set-to-rise-in-september-in-defiance-of-us/article69984359.ece,2025-08-28T11:24:06Z,BusinessLine,russian oil export india set rise september trader say producer cut price sell crude process much refinery damage ukrainian char
Reporting on transactions in Danish Aerospace Company A/S’ shares by persons closely associated with persons discharging managerial responsibilities,"COMPANY ANNOUNCEMENT  Odense, August 28th, 2025  Company Announcement no. 64 – August 28th, 2025  Reporting on transactions in Danish Aerospace Company......","COMPANY ANNOUNCEMENT
Odense, August 28th, 2025
Company Announcement no. 64 August 28th, 2025
Reporting on transactions in Danish Aerospace Company A/S shares by persons closely associated with per… [+2459 chars]",https://www.globenewswire.com/news-release/2025/08/28/3140690/0/en/Reporting-on-transactions-in-Danish-Aerospace-Company-A-S-shares-by-persons-closely-associated-with-persons-discharging-managerial-responsibilities.html,2025-08-28T11:22:00Z,GlobeNewswire,company announcement odense august company announcement august report transaction danish aerospace company share person closely associate per char
EU summons Russian envoy after mission damaged in Kyiv strike,"The EU summoned Moscow's envoy in Brussels on Thursday after a massive attack on Kyiv killed at least 14 people and damaged the bloc's diplomatic mission in the city. EU foreign policy chief Kaja Kallas announced on X that the bloc was ""summoning the Russian …",The EU summoned Moscow's envoy in Brussels on Thursday after a massive attack on Kyiv killed at least 14 people and damaged the bloc's diplomatic mission in the city.European Commission chief Ursula … [+2130 chars],https://economictimes.indiatimes.com/news/international/world-news/eu-summons-russian-envoy-after-mission-damaged-in-kyiv-strike/articleshow/123563523.cms,2025-08-28T11:21:26Z,The Times of India,summon moscow envoy brussels thursday massive attack kyiv kill least people damage blocs diplomatic mission cityeuropean commission chief ursula char
"Mint Explainer | Funding, infrastructure and support: Making sense of Delhi’s draft startup policy","The policy aims to transform the city into a global innovation hub by 2035, targeting the creation of 5,000 startups. With incentives like operational grants and a dedicated venture capital fund, this policy promises to reshape the startup landscape.&nbsp;",The Delhi government announced the draft of its new startup policy on Tuesday to position the national capital as a global hub for innovation and entrepreneurship and make it the most preferred desti… [+3735 chars],https://www.livemint.com/companies/start-ups/funding-infrastructure-delhi-s-draft-startup-policy-innovation-regulation-hospitality-healthcare-fintech-ai-11756378864612.html,2025-08-28T11:21:06Z,Livemint,delhi government announce draft new startup policy tuesday position national capital global hub innovation entrepreneurship make preferred desti char
Bankers learn they are fired via accidental email asking them to return laptops,ANZ apologises and offers counselling to more than 100 staff whom it had not yet told were losing their jobs in bank shake-up,"ANZ has issued an apology and offered psychological counselling to more than 100 senior bankers after they received an email sent in error instructing them to return their computers, ahead of the new… [+2159 chars]",https://www.irishtimes.com/business/work/2025/08/28/bankers-learn-they-are-fired-via-accidental-email-asking-them-to-return-laptops/,2025-08-28T11:18:28Z,The Irish Times,anz issue apology offer psychological counselling senior banker receive email send error instruct return computer ahead new char
"Farkers don't know much about Lisa Cook. Her work on patents went to the core of Western Capitalism, much of it was about Black invention and the perils of the patent system. She's perfect for the Fed. Deep mind, gravitas. Of course Trump hates her [Hero]","Farkers don't know much about Lisa Cook. Her work on patents went to the core of Western Capitalism, much of it was about Black invention and the perils of the patent system. She's perfect for the Fed. Deep mind, gravitas. Of course Trump hates her","feckingmorons:Cake Hunter: feckingmorons: I know she lies on mortgage applications to get better rates.
That is a federal crime.
No, you acceptthat she lied on mortgage applications, because an ope… [+593 chars]",https://www.fark.com/comments/13792074/Farkers-dont-know-much-about-Lisa-Cook-Her-work-on-patents-went-to-core-of-Western-Capitalism-much-of-it-was-about-Black-invention-the-perils-of-patent-system-Shes-perfect-for-Fed-Deep-mind-gravitas-Of-course-Trump-hates-her,2025-08-28T11:18:00Z,Fark.com,feckingmoronscake hunter feckingmoron know lie mortgage application get well rate federal crime acceptthat lie mortgage application ope char
Lumbini protection: Supreme Court bans carbon-emitting industries within 15 km zone,"Kathmandu, Aug 28: The Supreme Court has issued an order prohibiting the establishment of any new carbon-emitting industries within 800 […]
The post Lumbini protection: Supreme Court bans carbon-emitting industries within 15 km zone appeared first on Peoples'…","Kathmandu, Aug 28: The Supreme Court has issued an order prohibiting the establishment of any new carbon-emitting industries within 800 meters along the road (both sides) in the Lumbini-Bhairahawa co… [+2776 chars]",https://mypeoplesreview.com/2025/08/28/lumbini-protection-supreme-court-bans-carbon-emitting-industries-within-15-km-zone/,2025-08-28T11:15:00Z,Mypeoplesreview.com,kathmandu aug supreme court issue order prohibit establishment new carbonemitte industry within meter along road side lumbinibhairahawa char
Caliber Establishes LINK Token Digital Asset Treasury,"Strategy Merges Digital and Real World Assets, Investing in the Infrastructure Layer of Blockchain Technology    Positions Caliber as a First-mover...","Strategy Merges Digital and Real World Assets, Investing in the Infrastructure Layer of Blockchain Technology
Positions Caliber as a First-mover Among U.S. Public Companies in the Adoption of Blockc… [+6876 chars]",https://www.globenewswire.com/news-release/2025/08/28/3140686/0/en/Caliber-Establishes-LINK-Token-Digital-Asset-Treasury.html,2025-08-28T11:15:00Z,GlobeNewswire,strategy merge digital real world asset invest infrastructure layer blockchain technology position caliber firstmover among public company adoption blockc char
Veteran analyst drops surprising twist on Nvidia stock post-earnings - TheStreet,Veteran analyst drops surprising twist on Nvidia stock post-earningsTheStreet Nvidia beats on top and bottom lines. Here's why the stock is fallingCNBC Evaluating NVIDIA’s Value After Q2 Earnings and China’s AI Chip AmbitionsYahoo Finance NVIDIA Announces Fin…,The Fine Print: The following comments are owned by whoever posted them. We are not responsible for them in any way.,https://slashdot.org/firehose.pl?op=view&amp;id=178913392,2025-08-28T11:12:27Z,Slashdot.org,fine print follow comment whoever post responsible way
Can Africa Still Drill? What the ICJ Climate Opinion Means for Oil and Gas Exploration in Africa,"In July 2025, the International Court of Justice (ICJ) adopted its advisory opinion on climate change. While the ICJ found that any State suffering from climate change can bring charges against others for their contribution to climate change, the opinion does…","In July 2025, the International Court of Justice (ICJ) adopted its advisory opinion on climate change. While the ICJ found that any State suffering from climate change can bring charges against other… [+18363 chars]",https://blogs.law.columbia.edu/climatechange/2025/08/28/can-africa-still-drill-what-the-icj-climate-opinion-means-for-oil-and-gas-exploration-in-africa/,2025-08-28T11:10:49Z,Columbia.edu,july international court justice icj adopt advisory opinion climate change icj find state suffer climate change bring charge char
Analyst Report: Rocket Companies Inc,"At Yahoo Finance, you get free stock quotes, up-to-date news, portfolio management resources, international market data, social interaction and mortgage rates that help you manage your financial life.","Oops, something went wrong",https://finance.yahoo.com/research/reports/ARGUS_5979_AnalystReport_1756379421000/,2025-08-28T11:10:21Z,Yahoo Entertainment,oops something wrong
EU Summons Russian Envoy After Mission Damaged In Kyiv Strike,The EU summoned Moscow's envoy in Brussels on Thursday after a massive attack on Kyiv killed at least 14 people and damaged the bloc's diplomatic mission in the city.,"The EU summoned Moscow's envoy in Brussels on Thursday after a massive attack on Kyiv killed at least 14 people and damaged the bloc's diplomatic mission in the city.
European Commission chief Ursul… [+2065 chars]",https://www.ibtimes.com/eu-summons-russian-envoy-after-mission-damaged-kyiv-strike-3781845,2025-08-28T11:06:14Z,International Business Times,summon moscow envoy brussels thursday massive attack kyiv kill least people damage blocs diplomatic mission city european commission chief ursul char
High Arctic Overseas Announces 2025 Second Quarter Results,"NOT FOR DISTRIBUTION TO U.S. NEWSWIRE SERVICES OR FOR DISSEMINATION IN THE UNITED STATES. ANY FAILURE TO COMPLY WITH THIS RESTRICTION MAY CONSTITUTE A VIOLATION OF U.S. SECURITIES LAW CALGARY, Alberta, Aug. 28, 2025 (GLOBE NEWSWIRE) — High Arctic ‎Overseas Ho…","These financial measures should not be considered as an alternative to, or more meaningful than, net income (loss), cash from operating activities, current assets or current liabilities, cash and/or … [+4805 chars]",https://financialpost.com/globe-newswire/high-arctic-overseas-announces-2025-second-quarter-results,2025-08-28T11:05:03Z,Financial Post,financial measure consider alternative meaningful net income loss cash operating activity current asset current liability cash andor char
Tintina Announces Appointment of CEO and Changes to Board of Directors,"TORONTO, Aug. 28, 2025 (GLOBE NEWSWIRE) — Tintina Mines Limited (“Tintina” or the “Company”) (TSXV: TTS) announces that Juan Enrique Rassmuss, who is a Director, President & Chairman of the Company and currently serves as Interim-CEO since February 26, 2025, …","TORONTO, Aug. 28, 2025 (GLOBE NEWSWIRE) Tintina Mines Limited (Tintina or the Company) (TSXV: TTS) announces that Juan Enrique Rassmuss, who is a Director, President &amp; Chairman of the Company and… [+4790 chars]",https://financialpost.com/globe-newswire/tintina-announces-appointment-of-ceo-and-changes-to-board-of-directors,2025-08-28T11:04:23Z,Financial Post,toronto aug globe newswire tintina mines limit tintina company tsxv tts announce juan enrique rassmuss director president amp chairman company char
UK: Keir Starmer's year of cuts and climbdowns,"After a landslide election win, Labour's ratings have slumped. Austerity budgets and Thatcherite economics have many voters turning to Reform UK, the anti-immigrant party leading the polls.

-
2025/09

/ 
article","Labours shift right creates space for new Corbyn party
After a landslide election win, Labours ratings have slumped. Austerity budgets and Thatcherite economics have many voters turning to Reform UK… [+4067 chars]",https://mondediplo.com/2025/09/07uk,2025-08-28T11:02:47Z,Mondediplo.com,labours shift right create space new corbyn party landslide election win labour rating slump austerity budget thatcherite economic many voter turn reform char
EU summons Russian envoy after mission damaged in Kyiv strike,The EU summoned Moscow’s envoy in Brussels on Thursday after a massive attack on Kyiv killed at least 14 people and damaged the bloc’s diplomatic mission in the city. European Commission chief Ursula von der Leyen addressed the press in Brussels following the…,"'It shows that the Kremlin will stop at nothing...,"" said von der Leyen - Copyright AFP Nicolas TUCAT
The EU summoned Moscow’s envoy in Brussels on Thursday after a massive attack on Kyiv killed at … [+2168 chars]",https://www.digitaljournal.com/world/eu-summons-russian-envoy-after-mission-damaged-in-kyiv-strike/article,2025-08-28T11:02:20Z,Digital Journal,show kremlin stop nothing say von der leyen copyright afp nicolas tucat summon moscow envoy brussels thursday massive attack kyiv kill char
"Government and private sector to limit disruption from Trump’s tariffs, says finance ministry","The Indian government and private sector are joining forces to mitigate the impact of newly imposed US tariffs. While the immediate export impact seems limited, broader economic effects are anticipated. Policy initiatives, including GST reforms and deregulati…","The Indian government and private sector will act in tandem to keep economic disruptions from the recently announced US tariffs to a minimum, according to the finance ministrys monthly economic repor… [+1787 chars]",https://economictimes.indiatimes.com/news/economy/policy/government-and-private-sector-to-limit-disruption-from-trumps-tariffs-says-finance-ministry/articleshow/123563024.cms,2025-08-28T11:01:28Z,The Times of India,indian government private sector act tandem keep economic disruption recently announce tariff minimum accord finance ministry monthly economic repor char
JohnsByrne invests in growth areas for packaging expansion,"The company is also seeking strategic acquisitions to improve capacity, capabilities, and geographic reach.","JohnsByrne, a premium packaging solutions provider, is focusing on strategic investments to accelerate growth and facilitate future expansion.
The company has recently expanded its facilities with o… [+2214 chars]",https://www.packaging-gateway.com/news/johnsbyrne-invests-growth-areas/,2025-08-28T11:01:18Z,Packaging-gateway.com,johnsbyrne premium packaging solution provider focus strategic investment accelerate growth facilitate future expansion company recently expand facility char
"FM Sitharaman assures exporters of full govt support, safeguarding their interests amid US tariffs: FIEO","Finance Minister Nirmala Sitharaman assured exporters that the government will support them against the US’s 50% tariffs, which hit labour-intensive sectors like textiles, gems, jewellery, leather, footwear, and shrimp. Meeting a FIEO delegation, she pledged …","Finance Minister Nirmala Sitharaman on Thursday assured an exporters' delegation that the government stands firmly with them in this challenging time and is committed to addressing their concerns, wh… [+1726 chars]",https://economictimes.indiatimes.com/news/economy/foreign-trade/fm-nirmala-sitharaman-assures-exporters-of-full-govt-support-safeguarding-their-interests-amid-us-tariffs-fieo/articleshow/123563032.cms,2025-08-28T11:00:51Z,The Times of India,finance minister nirmala sitharaman thursday assure exporter delegation government stand firmly challenging time commit address concern char
Bitcoin And The September Curse: Can This Time Be Different?,"Bitcoin heads into the final days of August with choppy, two-way trade and a familiar seasonal question hanging over it: will September once again be a drag—or a reset into Q4 strength? As of Wednesday, August 28, BTC hovers near $112,900 after a stop-start m…","Strict editorial policy that focuses on accuracy, relevance, and impartiality
Created by industry experts and meticulously reviewed
The highest standards in reporting and publishing
Strict editori… [+5531 chars]",http://www.newsbtc.com/bitcoin-news/bitcoin-september-curse-can-this-time-be-different/,2025-08-28T11:00:29Z,newsBTC,strict editorial policy focus accuracy relevance impartiality create industry expert meticulously review high standard reporting publish strict editori char
Has Gen Z Found The Key To Happiness With 'Memory Investing'?,Here's what you should know about this growing trend.,"When you think about investing, the first things that probably come to mind are stocks, savings accounts or maybe even real estate.
But theres a different financial mindset gaining traction, especia… [+8290 chars]",https://www.huffpost.com/entry/memory-investing-finance-trend_l_68a48e29e4b0c2c76f850713,2025-08-28T11:00:17Z,HuffPost,think invest first thing probably come mind stock saving account maybe even real estate different financial mindset gain traction especia char
Crypto hoarding brings a stock pop for small firms—and in some cases shows patterns of possible insider trading,Cancer drug developer MEI Pharma saw its stock almost double in the days before it committed to a crypto treasury strategy.,"In mid-July, the stock for the cancer drug developer MEI Pharma skyrocketed. It wasnt because the small company, first listed on the Nasdaq in 2003, had discovered a blockbuster cancer cure. Rather, … [+10817 chars]",https://fortune.com/crypto/2025/08/28/digital-asset-treasury-companies-insider-trading-front-running/,2025-08-28T11:00:00Z,Fortune,midjuly stock cancer drug developer mei pharma skyrocket small company first list nasdaq discover blockbuster cancer cure rather char
SemiCab Wins New Commercial Contract with Bajaj Electricals,"$560 Million New Client is One of the Largest Electronics Manufacturers in India  Fort Lauderdale, FL, Aug.  28, 2025  (GLOBE NEWSWIRE) -- Algorhythm......","$560 Million New Client is One of the Largest Electronics Manufacturers in India
Fort Lauderdale, FL, Aug. 28, 2025 (GLOBE NEWSWIRE) -- Algorhythm Holdings, Inc. (Algorhythm) (NASDAQ: RIME), an AI t… [+5031 chars]",https://www.globenewswire.com/news-release/2025/08/28/3140652/0/en/SemiCab-Wins-New-Commercial-Contract-with-Bajaj-Electricals.html,2025-08-28T11:00:00Z,GlobeNewswire,million new client one large electronic manufacturer india fort lauderdale aug globe newswire algorhythm holdings inc algorhythm nasdaq rime char
"'Shocked to learn the fund was empty': 25-year-old man refuses to pay father's debts after discovering he used his college fund to secretly pay for his brother’s massive wedding, faces guilt trip from rest of family for holding ""grudge""","Ahhhh, that feeling when you discover that your father's used your entire college fund to finance your brother's extravagant wedding…there's nothing quite like it! There's something about him doing it behind your back that makes it even more thrilling…and the…","Ahhhh, that feeling when you discover that your father's used your entire college fund to finance your brother's extravagant weddingthere's nothing quite like it! There's something about him doing it… [+979 chars]",https://cheezburger.com/42144517/shocked-to-learn-the-fund-was-empty-25-year-old-man-refuses-to-pay-fathers-debts-after-discovering,2025-08-28T11:00:00Z,Cheezburger.com,ahhhh feeling discover father use entire college fund finance brother extravagant weddingthere nothing quite like something char
The Life and Death of the Suburban Novel,"Remember the suburban novel? Books about attractive white families in nice houses who turn out to be miserable? Examples include Richard Yates’s Revolutionary Road (1961), the work of the Johns (Cheever and Updike), Richard Ford’s The Sportswriter (1986) and …","Remember the suburban novel? Books about attractive white families in nice houses who turn out to be miserable? Examples include Richard Yates’s Revolutionary Road (1961), the work of the Johns (Chee… [+34070 chars]",http://www.nybooks.com/online/2025/08/28/the-life-and-death-of-the-suburban-novel/,2025-08-28T11:00:00Z,The New York Review of Books,remember suburban novel book attractive white family nice house turn miserable example include richard yatess revolutionary road work johns chee char
High Arctic Overseas Announces 2025 Second Quarter Results,High Arctic Overseas Announces 2025 Second Quarter Results......,"NOT FOR DISTRIBUTION TO U.S. NEWSWIRE SERVICES OR FOR DISSEMINATION IN THE UNITED STATES. ANY FAILURE TO COMPLY WITH THIS RESTRICTION MAY CONSTITUTE A VIOLATION OF U.S. SECURITIES LAW
CALGARY, Alber… [+26942 chars]",https://www.globenewswire.com/news-release/2025/08/28/3140649/0/en/High-Arctic-Overseas-Announces-2025-Second-Quarter-Results.html,2025-08-28T11:00:00Z,GlobeNewswire,distribution newswire service dissemination united states failure comply restriction may constitute violation security law calgary alber char
Links 8/28/2025,"Our daily links, including fuzzy immigration math, CDC director ousted, Nvidia AI bubble, and no charges for assault with a deli weapon.","Who Would Win a Fight Between Knights and Samurais? History Defined
Climate/Environment
Extreme rain in China caused $2.2 billion in road damage, further straining public purse Reuters
Deforestati… [+7046 chars]",https://www.nakedcapitalism.com/2025/08/links-8-28-2025.html,2025-08-28T10:55:54Z,Nakedcapitalism.com,would win fight knight samurais history define climateenvironment extreme rain china cause billion road damage far strain public purse reuter deforestati char
Solana launchpad Pump.fun buys back $15 million in native tokens over past two weeks,"Pump.fun’s daily fees have crossed $1 million early August despite dwindling Solana DEX activity, allowing the protocl finance more token buybacks.","Pump.funs daily fees have crossed $1 million early August despite dwindling Solana DEX activity, allowing the protocl finance more token buybacks.
This story appeared on theblock.co, 2025-08-28 10:4… [+4 chars]",https://biztoc.com/x/6030a060c37d5c4e,2025-08-28T10:55:11Z,Biztoc.com,pumpfun daily fee cross million early august despite dwindle solana dex activity allow protocl finance token buyback story appear theblockco     char
Morning Bid: China sales doubt blurs Nvidia beat,,"{ window.open(this.href, '_blank'); }, 200); return false;""&gt;Why did Nvidia's stock fall after earnings? { window.open(this.href, '_blank'); }, 200); return false;""&gt;How will Trumps tariffs impac… [+690 chars]",https://biztoc.com/x/615240ca95b0f086,2025-08-28T10:55:08Z,Biztoc.com,windowopenthishref blank return falsegtwhy nvidias stock fall earning windowopenthishref blank return falsegthow trump tariff impac char
"The critical September, the TIF package and the 2027 support measures","September is considered a critical month for the preparation of the 2026 budget and the next support package, amounting to approximately 1.5 billion euros, which will be announced at next…
The critical September, the TIF package and the 2027 support measures …","September is considered a critical month for the preparation of the 2026 budget and the next support package, amounting to approximately 1.5 billion euros, which will be announced at next year’s TIF,… [+3653 chars]",https://www.naftemporiki.gr/english/1998432/the-critical-september-the-tif-package-and-the-2027-support-measures/,2025-08-28T10:53:29Z,Naftemporiki.gr,september consider critical month preparation budget next support package amount approximately billion euro announce next year tif char
Global shares gain but Nvidia's slip trips up tech stocks - Reuters,"Global shares gain but Nvidia's slip trips up tech stocksReuters US stock futures little changed after Nvidia releases quarterly resultsUSA Today Stock market today: Dow futures pop while S&P 500, Nasdaq stall as Nvidia slips post-earningsYahoo Finance Stock …",The Fine Print: The following comments are owned by whoever posted them. We are not responsible for them in any way.,https://slashdot.org/firehose.pl?op=view&amp;id=178913126,2025-08-28T10:52:28Z,Slashdot.org,fine print follow comment whoever post responsible way
The Five Ws of Workforce Management in Hospitality,"We have all been in the internal meetings, the session where a leader explains why their department has gone over their labor target. At times, the explanation makes sense, a particularly labor-intensive set of meeting room re-sets in banquets required more h…","We have all been in the internal meetings, the session where a leader explains why their department has gone over their labor target. At times, the explanation makes sense, a particularly labor-inten… [+5674 chars]",https://www.hospitalitynet.org/opinion/4128692.html,2025-08-28T10:49:00Z,Hospitality Net,internal meeting session leader explain department labor target time explanation make sense particularly laborinten char
El Salvador’s Bukele reacts as $1B Bitcoin holdings bet increases on Kalshi,Polymarket listed a market on El Salvador’s Bitcoin holdings reaching $1 billion by year-end shortly after President Nayib Bukele tweeted about rising odds on Kalshi.,"El Salvador President Nayib Bukele called attention to prediction markets amid increasing bets that the countrys Bitcoin holdings will hit $1 billion by year-end.
Bukele took to X on Thursday to twe… [+3167 chars]",https://cointelegraph.com/news/el-salvador-bukele-bitcoin-1b-prediction-markets-kalshi-polymarket,2025-08-28T10:48:36Z,Cointelegraph,salvador president nayib bukele call attention prediction market amid increase bet countrys bitcoin holding hit billion yearend bukele take thursday twe char
What Happened After Private Equity Bought A Hospital?,Several states have passed—or are considering—laws to restrict private equity’s involvement in healthcare. But a new study offers a more nuanced picture.,"Private equity in healthcare has faced substantial criticism, recently fueled by the bankruptcy of Steward Health, a hospital chain once owned by a private equity firm. In response, severalstates hav… [+3708 chars]",https://www.forbes.com/sites/gebai/2025/08/28/what-happened-after-private-equity-bought-a-hospital/,2025-08-28T10:45:55Z,Forbes,private equity healthcare face substantial criticism recently fuel bankruptcy steward health hospital chain private equity firm response severalstate hav char
"Titan Machinery Inc. Announces Results for Fiscal Second Quarter Ended July 31, 2025",- Reiterates $100 Million Inventory Reduction Target for Fiscal 2026 -             - Updates Modeling Assumptions for Fiscal 2026 -            WEST...,"- Reiterates $100 Million Inventory Reduction Target for Fiscal 2026 -
 - Updates Modeling Assumptions for Fiscal 2026 -
WEST FARGO, N.D., Aug. 28, 2025 (GLOBE NEWSWIRE) -- Titan Machinery Inc. (Na… [+45644 chars]",https://www.globenewswire.com/news-release/2025/08/28/3140642/0/en/Titan-Machinery-Inc-Announces-Results-for-Fiscal-Second-Quarter-Ended-July-31-2025.html,2025-08-28T10:45:00Z,GlobeNewswire,"reiterate million inventory reduction target fiscal  
   update modeling assumption fiscal  
 west fargo aug globe newswire titan machinery inc char"
UAMCO Partners with Ramco Systems for aviation software implementation,"UAMCO partners with Ramco Systems for advanced aviation software platform, enhancing engine maintenance and operational efficiency.","The Ramco Aviation Software deployment will provide UAMCO with modules covering engineering, maintenance, supply chain, MRO sales, employee management, safety, quality, compliance and finance. 
| Ph… [+1827 chars]",https://www.thehindubusinessline.com/markets/stock-markets/uamco-partners-with-ramco-systems-for-aviation-software-implementation/article69984227.ece,2025-08-28T10:44:28Z,BusinessLine,"ramco aviation software deployment provide uamco module cover engineering maintenance supply chain mro sale employee management safety quality compliance finance  
  char"
Morning Bid: China sales doubt blurs Nvidia beat,"Sky-high expectations left Nvidia shares in the red overnight despite another earnings beat from the world's most valuable company, as the market grumbled...","By Mike Dolan
LONDON (Reuters) - What matters in U.S. and global markets today
By Mike Dolan, Editor-At-Large, Finance and Markets
Sky-high expectations left Nvidia shares in the red overnight des… [+5178 chars]",https://finance.yahoo.com/news/morning-bid-china-sales-doubt-104336927.html,2025-08-28T10:43:36Z,Yahoo Entertainment,mike dolan london reuters matter global market today mike dolan editoratlarge finance market skyhigh expectation leave nvidia share red overnight des char
Exclusive-India’s Russian oil imports set to rise in September in defiance of US,"MOSCOW/LONDON (Reuters) -Russian oil exports to India are set to rise in September, traders said, as producers cut prices to sell more crude because they...","MOSCOW/LONDON (Reuters) -Russian oil exports to India are set to rise in September, traders said, as producers cut prices to sell more crude because they cannot process as much in refineries that wer… [+4113 chars]",https://sg.finance.yahoo.com/news/exclusive-india-russian-oil-imports-103602449.html,2025-08-28T10:36:02Z,Yahoo Entertainment,moscowlondon reuters russian oil export india set rise september trader say producer cut price sell crude process much refinery wer char
Exclusive-India’s Russian oil imports set to rise in September in defiance of US,"MOSCOW/LONDON (Reuters) -Russian oil exports to India are set to rise in September, traders said, as producers cut prices to sell more crude because they...","MOSCOW/LONDON (Reuters) -Russian oil exports to India are set to rise in September, traders said, as producers cut prices to sell more crude because they cannot process as much in refineries that wer… [+4089 chars]",https://finance.yahoo.com/news/exclusive-india-russian-oil-imports-103602322.html,2025-08-28T10:36:02Z,Yahoo Entertainment,moscowlondon reuters russian oil export india set rise september trader say producer cut price sell crude process much refinery wer char
India's Russian oil imports set to rise in September in defiance of US,"India is poised to increase its Russian oil imports in September due to discounted prices and refinery outages in Russia caused by Ukrainian attacks. Despite U.S. tariffs and EU price caps, India continues to rely on Russian crude, benefiting from cheaper sup…","Russian oil exports to India are set to rise in September, traders said, as producers cut prices to sell more crude because they cannot process as much in refineries that were damaged by Ukrainian dr… [+4170 chars]",https://economictimes.indiatimes.com/industry/energy/oil-gas/indias-russian-oil-imports-set-to-rise-in-september-in-defiance-of-us/articleshow/123562485.cms,2025-08-28T10:35:31Z,The Times of India,russian oil export india set rise september trader say producer cut price sell crude process much refinery damage ukrainian char
3 Proven Techniques to Avoid Dividend Cuts,"The payout ratio is a useful tool, but it’s not the only thing that tells you whether a dividend is safe. If you rely on it alone, you can still get blindsided. Over the years at DSR, we’ve developed several reliable techniques to avoid most dividend cuts. Th…","The payout ratio is a useful tool, but its not the only thing that tells you whether a dividend is safe. If you rely on it alone, you can still get blindsided. Over the years at DSR, weve developed s… [+7399 chars]",https://thedividendguyblog.com/techniques-to-avoid-dividend-cuts/,2025-08-28T10:32:55Z,Thedividendguyblog.com,payout ratio useful tool thing tell whether dividend safe rely alone still get blindside year dsr develop char
Stock futures are little changed as Nvidia declines following earnings: Live updates - CNBC,Stock futures are little changed as Nvidia declines following earnings: Live updatesCNBC Nvidia beats on top and bottom lines. Here's why the stock is fallingCNBC NVIDIA Announces Financial Results for Second Quarter Fiscal 2026NVIDIA Newsroom Nvidia stock si…,The Fine Print: The following comments are owned by whoever posted them. We are not responsible for them in any way.,https://slashdot.org/firehose.pl?op=view&amp;id=178912848,2025-08-28T10:32:12Z,Slashdot.org,fine print follow comment whoever post responsible way
"Nordic American Tankers Ltd (NYSE: NAT) – Report as per June 30, 2025 – NAT increases its dividend in a solid market","Thursday, August 28, 2025     Dear Shareholders and Investors,     Ninety day periods offer a short-term snapshot of a company. However, a...","Thursday, August 28, 2025
Dear Shareholders and Investors,
Ninety day periods offer a short-term snapshot of a company. However, a meaningful analysis must contain a bigger, longer-term picture. Th… [+5411 chars]",https://www.globenewswire.com/news-release/2025/08/28/3140633/0/en/Nordic-American-Tankers-Ltd-NYSE-NAT-Report-as-per-June-30-2025-NAT-increases-its-dividend-in-a-solid-market.html,2025-08-28T10:31:00Z,GlobeNewswire,"thursday august  
 dear shareholder investor ninety day period offer shortterm snapshot company however meaningful analysis must contain big longerterm picture char"
Charles Ergen’s Net Worth Doubles After Controversial AT&T Sale,Charlie Ergen's wealth jumped after announcing plans to unload some of EchoStar's spectrum for $23 billion. The move killed any remaining dreams of his nationwide 5G network.,"After losing nearly all of his fortune in late 2023, Charlie Ergen merged his Dish Network with EchoStar, both of which he cofounded. He remains chairman of the combined group.
© 2012 Bloomberg Fina… [+6152 chars]",https://www.forbes.com/sites/monicahunter-hart/2025/08/28/charles-ergens-net-worth-doubles-after-controversial-att-sale/,2025-08-28T10:30:30Z,Forbes,"lose nearly fortune late charlie ergen merge dish network echostar cofounde remain chairman combine group 
   bloomberg fina char"
Circle and Mastercard Push USDC Worldwide — Best Wallet Token Could Be the Real Winner,"Circle just dropped big news. The company behind USD Coin (USDC) is teaming up with Mastercard and Finastra to plug stablecoins into global payments. That means merchants, banks, and even your corner shop in Europe or the Middle East might soon settle transac…","Circle just dropped big news.
The company behind USD Coin (USDC) is teaming up with Mastercard and Finastra to plug stablecoins into global payments.
That means merchants, banks, and even your corn… [+3831 chars]",https://bitcoinist.com/circle-mastercard-push-usdc-worldwide-best-wallet-token-real-winner/,2025-08-28T10:29:56Z,Bitcoinist,circle drop big news company behind usd coin usdc team mastercard finastra plug stablecoin global payment mean merchant bank even corn char
Daily – Vickers Top Buyers & Sellers for 08/28/2025,"At Yahoo Finance, you get free stock quotes, up-to-date news, portfolio management resources, international market data, social interaction and mortgage rates that help you manage your financial life.","Sector(s) 
Utilities, Financial Services, Technology, Real Estate, Healthcare, Consumer Defensive, Industrials, Consumer Cyclical",https://finance.yahoo.com/research/reports/ARGUS_44540_TopBottomInsiderActivity_1756376821000/,2025-08-28T10:27:01Z,Yahoo Entertainment,sector utility financial service technology real estate healthcare consumer defensive industrial consumer cyclical
Daily – Vickers Top Insider Picks for 08/28/2025,"At Yahoo Finance, you get free stock quotes, up-to-date news, portfolio management resources, international market data, social interaction and mortgage rates that help you manage your financial life.","Sector(s) 
Communication Services, Financial Services, Energy, Basic Materials, Technology, Real Estate, Healthcare, Consumer Defensive, Industrials",https://finance.yahoo.com/research/reports/ARGUS_44539_InsiderActivity_1756376821000/,2025-08-28T10:27:01Z,Yahoo Entertainment,sector communication service financial service energy basic material technology real estate healthcare consumer defensive industrial
An Old-School Hedge Fund Strategy Reboots Outside Giant Podshops,"Five years ago, veteran hedge fund trader Ed Cooper gave up his independence to join a group of peers betting on corporate deals at industry titan Millennium Management. Now he’s back on his own again.","The optimism around rising M&amp;A volumes comes as good news for these new ventures. Companies have announced nearly $1.1 trillion of transactions since the beginning of June, according to data comp… [+3112 chars]",https://financialpost.com/pmn/business-pmn/an-old-school-hedge-fund-strategy-reboots-outside-giant-podshops,2025-08-28T10:26:27Z,Financial Post,optimism around rise mampa volume come good news new venture company announce nearly trillion transaction since beginning june accord datum comp char
Watch live the presentation of the projects being launched in Thessaloniki – Mitsotakis’ speech to follow,"The Prime Minister has a series of contactsand meetings in Thessaloniki ahead of the Thessaloniki International Fair (TIF) – He met with MPs of the city, accompanied by numerous ministers
The post Watch live the presentation of the projects being launched in …","The Prime Minister will deliver a speech shortly as part of the presentation of projects that are being launched and completed in Thessaloniki.
Kyriakos Mitsotakis, accompanied by numerous ministers… [+4201 chars]",https://en.protothema.gr/2025/08/28/watch-live-the-presentation-of-the-projects-being-launched-in-thessaloniki-mitsotakis-speech-to-follow/,2025-08-28T10:25:29Z,Protothema.gr,prime minister deliver speech shortly part presentation project launch complete thessaloniki kyriakos mitsotakis accompany numerous minister char
KFSHRC Advances Nursing Excellence Through Specialized Training,Specialized diplomas and internships shape future leaders Specialized diplomas and internships shape future leaders,"RIYADH, Saudi Arabia, Aug. 28, 2025 (GLOBE NEWSWIRE) -- King Faisal Specialist Hospital &amp; Research Centre is delivering measurable clinical improvements through the expansion of advanced nursing … [+2348 chars]",https://www.globenewswire.com/news-release/2025/08/28/3140624/0/en/KFSHRC-Advances-Nursing-Excellence-Through-Specialized-Training.html,2025-08-28T10:19:00Z,GlobeNewswire,riyadh saudi arabia aug globe newswire king faisal specialist hospital amp research centre deliver measurable clinical improvement expansion advanced nursing char
NEPSE falls by 38 points,"KATHMANDU: The Nepal Stock Exchange (NEPSE) index declined on Thursday, closing at 2,781 points, a drop of 38.10 points from the previous day’s close of 2,781. Despite the fall in the benchmark index, overall trading turnover rose. The day’s transactions reac…","KATHMANDU: The Nepal Stock Exchange (NEPSE) index declined on Thursday, closing at 2,781 points, a drop of 38.10 points from the previous days close of 2,781.
Despite the fall in the benchmark index… [+624 chars]",https://english.khabarhub.com/2025/28/493141/,2025-08-28T10:15:44Z,Khabarhub.com,kathmandu nepal stock exchange nepse index decline thursday close point drop point previous day close despite fall benchmark index char
Nvidia Waiting for White House to Codify 15% Commission Plan - Bloomberg.com,"Nvidia Waiting for White House to Codify 15% Commission PlanBloomberg.com Nvidia is caught in Trump's China trade war, and it could impact the stock marketAxios Wednesday’s Nvidia Earnings: Why China Needs the Chip MakerThe Wall Street Journal Nvidia CEO Jens…",The Fine Print: The following comments are owned by whoever posted them. We are not responsible for them in any way.,https://slashdot.org/firehose.pl?op=view&amp;id=178912646,2025-08-28T10:15:12Z,Slashdot.org,fine print follow comment whoever post responsible way
Solana Targets Near-Instant Finality as Alpenglow Upgrade Heads to Vote,"Alpenglow also introduces a “20+20” resilience model, which promises to keep the chain running even if 20% of validators are adversarial and another 20% are offline.","Shaurya is the Co-Leader of the CoinDesk tokens and data team in Asia with a focus on crypto derivatives, DeFi, market microstructure, and protocol analysis.
Shaurya holds over $1,000 in BTC, ETH, S… [+467 chars]",https://www.coindesk.com/tech/2025/08/28/solana-targets-near-instant-finality-as-alpenglow-upgrade-heads-to-vote,2025-08-28T10:11:49Z,CoinDesk,shaurya coleader coindesk token datum team asia focus crypto derivative defi market microstructure protocol analysis shaurya hold btc eth char
US tariffs to hit nearly one-fourth of India's textile exports in next 6 months: Experts,"India's textile exports face a potential 20-25% hit in the next six months due to the US imposing 50% tariffs, impacting apparel and made-up goods significantly. The extension of duty-free cotton imports until December 31 offers some relief by improving cost …","As the 50 per cent tariffs imposed by the US come into effect, close to one-fourth of India's textile exports may be severely impacted in the next six months, with America being the largest export ma… [+2990 chars]",https://economictimes.indiatimes.com/news/economy/foreign-trade/us-tariffs-to-hit-nearly-one-fourth-of-indias-textile-exports-in-next-6-months-experts/articleshow/123561993.cms,2025-08-28T10:07:58Z,The Times of India,per cent tariff impose come effect close onefourth indias textile export may severely impact next six month america large export char
Africa’s Green Economy Is a Good Investment,"While Africa is a poster child for climate vulnerability, it is also a model of climate possibility, boasting vast renewable resources, rich biodiversity, a young population, and a pipeline of bankable green projects. Investors should be clamoring to seize th…","While Africa is a poster child for climate vulnerability, it is also a model of climate possibility, boasting vast renewable resources, rich biodiversity, a young population, and a pipeline of bankab… [+5669 chars]",https://www.project-syndicate.org/commentary/green-projects-in-africa-deliver-high-investment-returns-acs2-by-fitsum-assefa-adela-2025-08,2025-08-28T10:07:02Z,Project Syndicate,africa poster child climate vulnerability also model climate possibility boast vast renewable resource rich biodiversity young population pipeline bankab char
 NEPSE CRASHES!  Market Reacts & Trading Volume Soars!  #NepalStock #StockMarket #Invest,"Stock Market Downturn: Nepal Stock Exchange (NEPSE) Index Drops on Thursday Hey stock market enthusiasts! Let’s dive into the latest developments from the Nepal Stock Exchange (NEPSE). The stock market closed on a bearish note this Thursday, with the NEPSE in…","Hey stock market enthusiasts! Let’s dive into the latest developments from the Nepal Stock Exchange (NEPSE). The stock market closed on a bearish note this Thursday, with the NEPSE index experiencing… [+2543 chars]",https://nep123.com/nepse-crashes-market-reacts-trading-volume-soars-nepalstock-stockmarket-invest/,2025-08-28T10:01:16Z,Nep123.com,hey stock market enthusiast let dive late development nepal stock exchange nepse stock market close bearish note thursday nepse index experience char
"Mortgage and refinance interest rates today, August 28, 2025: A slow trend downward","These are today's mortgage and refinance interest rates. The 30-year and 15-year fixed rates slipped lower again today, if only fractionally. Lock in your...","Mortgage rates continue to slip lower. According to Zillow, the 30-year fixed mortgage rate fell three basis points to 6.42% while the 15-year rate slipped two basis points to 5.59%. With a slow tren… [+5592 chars]",https://finance.yahoo.com/personal-finance/mortgages/article/mortgage-refinance-rates-today-thursday-august-28-2025-100019983.html,2025-08-28T10:00:19Z,Yahoo Entertainment,mortgage rate continue slip lower accord zillow year fix mortgage rate fall three basis point year rate slip two basis point slow tren char
